run_date,code,horizon,snap_date,price,return_pct,nikkei_return_pct
2026-06-26,1860,1d,2026-06-26,1624.00,0.9009,-4.1531
2026-06-26,1860,3d,2026-06-30,1628.50,1.1805,-3.1838
2026-06-26,1860,5d,2026-07-02,1606.50,-0.1864,-5.0206
2026-06-26,1860,20d,2026-07-24,1525.00,-5.2501,-10.7166
2026-06-26,2060,1d,2026-06-26,1219.00,-0.7329,-4.1531
2026-06-26,2060,3d,2026-06-30,1227.00,-0.0814,-3.1838
2026-06-26,2060,5d,2026-07-02,1238.00,0.8143,-5.0206
2026-06-26,2060,20d,2026-07-24,1283.00,4.4788,-10.7166
2026-06-26,2154,1d,2026-06-26,1866.00,-1.2698,-4.1531
2026-06-26,2154,3d,2026-06-30,1917.00,1.4286,-3.1838
2026-06-26,2154,5d,2026-07-02,1918.00,1.4815,-5.0206
2026-06-26,2154,20d,2026-07-24,2006.00,6.1376,-10.7166
2026-06-26,2666,1d,2026-06-26,170.00,-0.5848,-4.1531
2026-06-26,2666,3d,2026-06-30,169.00,-1.1696,-3.1838
2026-06-26,2666,5d,2026-07-02,168.00,-1.7544,-5.0206
2026-06-26,2666,20d,2026-07-24,189.00,10.5263,-10.7166
2026-06-26,2670,1d,2026-06-26,2850.00,1.4957,-4.1531
2026-06-26,2670,3d,2026-06-30,2800.50,-0.2671,-3.1838
2026-06-26,2670,5d,2026-07-02,2757.00,-1.8162,-5.0206
2026-06-26,2670,20d,2026-07-24,2637.00,-6.0897,-10.7166
2026-06-26,2678,1d,2026-06-26,1212.00,-1.3832,-4.1531
2026-06-26,2678,3d,2026-06-30,1191.00,-3.0919,-3.1838
2026-06-26,2678,5d,2026-07-02,1210.00,-1.5460,-5.0206
2026-06-26,2678,20d,2026-07-24,1235.00,0.4882,-10.7166
2026-06-26,287A,1d,2026-06-26,1069.00,-1.5654,-4.1531
2026-06-26,287A,3d,2026-06-30,1055.00,-2.8545,-3.1838
2026-06-26,287A,5d,2026-07-02,1047.00,-3.5912,-5.0206
2026-06-26,287A,20d,2026-07-24,1098.00,1.1050,-10.7166
2026-06-26,3950,1d,2026-06-26,1373.00,-1.2230,-4.1531
2026-06-26,3950,3d,2026-06-30,1350.00,-2.8777,-3.1838
2026-06-26,3950,5d,2026-07-02,1358.00,-2.3022,-5.0206
2026-06-26,3950,20d,2026-07-24,1448.00,4.1727,-10.7166
2026-06-26,6058,1d,2026-06-26,1685.00,0.0000,-4.1531
2026-06-26,6058,3d,2026-06-30,1749.00,3.7982,-3.1838
2026-06-26,6058,5d,2026-07-02,1865.00,10.6825,-5.0206
2026-06-26,6058,20d,2026-07-24,1750.00,3.8576,-10.7166
2026-06-26,6668,1d,2026-06-26,4180.00,0.0000,-4.1531
2026-06-26,6668,3d,2026-06-30,4000.00,-4.3062,-3.1838
2026-06-26,6668,5d,2026-07-02,3780.00,-9.5694,-5.0206
2026-06-26,6668,20d,2026-07-24,3135.00,-25.0000,-10.7166
2026-06-26,6707,1d,2026-06-26,11055.00,0.0000,-4.1531
2026-06-26,6707,3d,2026-06-30,11375.00,2.8946,-3.1838
2026-06-26,6707,5d,2026-07-02,11495.00,3.9801,-5.0206
2026-06-26,6707,20d,2026-07-24,9264.00,-16.2008,-10.7166
2026-06-26,6844,1d,2026-06-26,4050.00,0.0000,-4.1531
2026-06-26,6844,3d,2026-06-30,3770.00,-6.9136,-3.1838
2026-06-26,6844,5d,2026-07-02,3735.00,-7.7778,-5.0206
2026-06-26,6844,20d,2026-07-24,3480.00,-14.0741,-10.7166
2026-06-26,8233,1d,2026-06-26,2569.00,0.0000,-4.1531
2026-06-26,8233,3d,2026-06-30,2503.50,-2.5496,-3.1838
2026-06-26,8233,5d,2026-07-02,2376.00,-7.5127,-5.0206
2026-06-26,8233,20d,2026-07-24,2236.00,-12.9622,-10.7166
2026-06-27,3950,1d,2026-06-29,1371.00,-1.3669,0.1546
2026-06-27,3950,3d,2026-07-01,1357.00,-2.3741,1.6062
2026-06-27,3950,5d,2026-07-03,1358.00,-2.3022,0.5525
2026-06-27,3950,20d,2026-07-27,1472.00,5.8993,-6.3864
2026-06-27,6058,1d,2026-06-29,1747.00,3.6795,0.1546
2026-06-27,6058,3d,2026-07-01,1790.00,6.2315,1.6062
2026-06-27,6058,5d,2026-07-03,1893.00,12.3442,0.5525
2026-06-27,6058,20d,2026-07-27,1809.00,7.3591,-6.3864
2026-06-27,6668,1d,2026-06-29,3800.00,-9.0909,0.1546
2026-06-27,6668,3d,2026-07-01,4195.00,0.3589,1.6062
2026-06-27,6668,5d,2026-07-03,3730.00,-10.7656,0.5525
2026-06-27,6668,20d,2026-07-27,2979.00,-28.7321,-6.3864
2026-06-27,6707,1d,2026-06-29,10080.00,-8.8195,0.1546
2026-06-27,6707,3d,2026-07-01,11690.00,5.7440,1.6062
2026-06-27,6707,5d,2026-07-03,11015.00,-0.3618,0.5525
2026-06-27,6707,20d,2026-07-27,8854.00,-19.9095,-6.3864
2026-06-27,6844,1d,2026-06-29,3955.00,-2.3457,0.1546
2026-06-27,6844,3d,2026-07-01,3825.00,-5.5556,1.6062
2026-06-27,6844,5d,2026-07-03,3890.00,-3.9506,0.5525
2026-06-27,6844,20d,2026-07-27,3470.00,-14.3210,-6.3864
2026-06-28,3950,1d,2026-06-29,1371.00,-1.3669,0.1546
2026-06-28,3950,3d,2026-07-01,1357.00,-2.3741,1.6062
2026-06-28,3950,5d,2026-07-03,1358.00,-2.3022,0.5525
2026-06-28,3950,20d,2026-07-27,1472.00,5.8993,-6.3864
2026-06-28,6058,1d,2026-06-29,1747.00,3.6795,0.1546
2026-06-28,6058,3d,2026-07-01,1790.00,6.2315,1.6062
2026-06-28,6058,5d,2026-07-03,1893.00,12.3442,0.5525
2026-06-28,6058,20d,2026-07-27,1809.00,7.3591,-6.3864
2026-06-28,6668,1d,2026-06-29,3800.00,-9.0909,0.1546
2026-06-28,6668,3d,2026-07-01,4195.00,0.3589,1.6062
2026-06-28,6668,5d,2026-07-03,3730.00,-10.7656,0.5525
2026-06-28,6668,20d,2026-07-27,2979.00,-28.7321,-6.3864
2026-06-28,6707,1d,2026-06-29,10080.00,-8.8195,0.1546
2026-06-28,6707,3d,2026-07-01,11690.00,5.7440,1.6062
2026-06-28,6707,5d,2026-07-03,11015.00,-0.3618,0.5525
2026-06-28,6707,20d,2026-07-27,8854.00,-19.9095,-6.3864
2026-06-28,6844,1d,2026-06-29,3955.00,-2.3457,0.1546
2026-06-28,6844,3d,2026-07-01,3825.00,-5.5556,1.6062
2026-06-28,6844,5d,2026-07-03,3890.00,-3.9506,0.5525
2026-06-28,6844,20d,2026-07-27,3470.00,-14.3210,-6.3864
2026-06-29,3950,1d,2026-06-29,1371.00,0.0000,0.1546
2026-06-29,3950,3d,2026-07-01,1357.00,-1.0212,1.6062
2026-06-29,3950,5d,2026-07-03,1358.00,-0.9482,0.5525
2026-06-29,3950,20d,2026-07-27,1472.00,7.3669,-6.3864
2026-06-29,6058,1d,2026-06-29,1747.00,0.0000,0.1546
2026-06-29,6058,3d,2026-07-01,1790.00,2.4614,1.6062
2026-06-29,6058,5d,2026-07-03,1893.00,8.3572,0.5525
2026-06-29,6058,20d,2026-07-27,1809.00,3.5489,-6.3864
2026-06-29,6668,1d,2026-06-29,3800.00,0.0000,0.1546
2026-06-29,6668,3d,2026-07-01,4195.00,10.3947,1.6062
2026-06-29,6668,5d,2026-07-03,3730.00,-1.8421,0.5525
2026-06-29,6668,20d,2026-07-27,2979.00,-21.6053,-6.3864
2026-06-29,6707,1d,2026-06-29,10080.00,0.0000,0.1546
2026-06-29,6707,3d,2026-07-01,11690.00,15.9722,1.6062
2026-06-29,6707,5d,2026-07-03,11015.00,9.2758,0.5525
2026-06-29,6707,20d,2026-07-27,8854.00,-12.1627,-6.3864
2026-06-29,6844,1d,2026-06-29,3955.00,0.0000,0.1546
2026-06-29,6844,3d,2026-07-01,3825.00,-3.2870,1.6062
2026-06-29,6844,5d,2026-07-03,3890.00,-1.6435,0.5525
2026-06-29,6844,20d,2026-07-27,3470.00,-12.2630,-6.3864
2026-06-30,6058,1d,2026-06-30,1749.00,0.0000,0.8554
2026-06-30,6058,3d,2026-07-02,1865.00,6.6324,-1.0580
2026-06-30,6058,5d,2026-07-06,1874.00,7.1469,0.3881
2026-06-30,6058,20d,2026-07-28,1780.00,1.7724,-10.2251
2026-06-30,6276,1d,2026-06-30,322.00,0.0000,0.8554
2026-06-30,6276,3d,2026-07-02,310.00,-3.7267,-1.0580
2026-06-30,6276,5d,2026-07-06,307.00,-4.6584,0.3881
2026-06-30,6276,20d,2026-07-28,303.00,-5.9006,-10.2251
2026-06-30,6306,1d,2026-06-30,935.00,0.0000,0.8554
2026-06-30,6306,3d,2026-07-02,929.00,-0.6417,-1.0580
2026-06-30,6306,5d,2026-07-06,929.00,-0.6417,0.3881
2026-06-30,6306,20d,2026-07-28,978.00,4.5989,-10.2251
2026-06-30,6630,1d,2026-06-30,753.00,0.0000,0.8554
2026-06-30,6630,3d,2026-07-02,730.00,-3.0544,-1.0580
2026-06-30,6630,5d,2026-07-06,718.00,-4.6481,0.3881
2026-06-30,6630,20d,2026-07-28,750.00,-0.3984,-10.2251
2026-06-30,6707,1d,2026-06-30,11375.00,0.0000,0.8554
2026-06-30,6707,3d,2026-07-02,11495.00,1.0549,-1.0580
2026-06-30,6707,5d,2026-07-06,10685.00,-6.0659,0.3881
2026-06-30,6707,20d,2026-07-28,8311.00,-26.9363,-10.2251
2026-07-01,6630,1d,2026-07-01,720.00,0.0000,0.5890
2026-07-01,6630,3d,2026-07-03,720.00,0.0000,-0.4542
2026-07-01,6630,5d,2026-07-07,718.00,-0.2778,-2.5768
2026-07-01,6630,20d,2026-07-29,769.00,6.8056,-12.3149
2026-07-01,6668,1d,2026-07-01,4195.00,0.0000,0.5890
2026-07-01,6668,3d,2026-07-03,3730.00,-11.0846,-0.4542
2026-07-01,6668,5d,2026-07-07,3330.00,-20.6198,-2.5768
2026-07-01,6668,20d,2026-07-29,2525.00,-39.8093,-12.3149
2026-07-01,6897,1d,2026-07-01,645.00,0.0000,0.5890
2026-07-01,6897,3d,2026-07-03,650.00,0.7752,-0.4542
2026-07-01,6897,5d,2026-07-07,669.00,3.7209,-2.5768
2026-07-01,6897,20d,2026-07-29,676.00,4.8062,-12.3149
2026-07-01,8233,1d,2026-07-01,2445.00,0.0000,0.5890
2026-07-01,8233,3d,2026-07-03,2336.00,-4.4581,-0.4542
2026-07-01,8233,5d,2026-07-07,2263.00,-7.4438,-2.5768
2026-07-01,8233,20d,2026-07-29,2377.50,-2.7607,-12.3149
2026-07-01,9502,1d,2026-07-01,3118.00,0.0000,0.5890
2026-07-01,9502,3d,2026-07-03,3174.00,1.7960,-0.4542
2026-07-01,9502,5d,2026-07-07,3234.00,3.7203,-2.5768
2026-07-01,9502,20d,2026-07-29,2816.00,-9.6857,-12.3149
2026-07-02,2121,1d,2026-07-02,2806.00,0.0000,-2.4715
2026-07-02,2121,3d,2026-07-06,2869.00,2.2452,-1.0461
2026-07-02,2121,5d,2026-07-08,2942.00,4.8468,-5.1875
2026-07-02,2121,20d,2026-07-30,2991.00,6.5930,-12.2136
2026-07-02,6668,1d,2026-07-02,3780.00,0.0000,-2.4715
2026-07-02,6668,3d,2026-07-06,3635.00,-3.8360,-1.0461
2026-07-02,6668,5d,2026-07-08,3245.00,-14.1534,-5.1875
2026-07-02,6668,20d,2026-07-30,2577.00,-31.8254,-12.2136
2026-07-02,6707,1d,2026-07-02,11495.00,0.0000,-2.4715
2026-07-02,6707,3d,2026-07-06,10685.00,-7.0465,-1.0461
2026-07-02,6707,5d,2026-07-08,10200.00,-11.2658,-5.1875
2026-07-02,6707,20d,2026-07-30,7936.00,-30.9613,-12.2136
2026-07-02,6897,1d,2026-07-02,647.00,0.0000,-2.4715
2026-07-02,6897,3d,2026-07-06,674.00,4.1731,-1.0461
2026-07-02,6897,5d,2026-07-08,673.00,4.0185,-5.1875
2026-07-02,6897,20d,2026-07-30,676.00,4.4822,-12.2136
2026-07-02,9502,1d,2026-07-02,3108.00,0.0000,-2.4715
2026-07-02,9502,3d,2026-07-06,3200.00,2.9601,-1.0461
2026-07-02,9502,5d,2026-07-08,3226.00,3.7967,-5.1875
2026-07-02,9502,20d,2026-07-30,2706.00,-12.9344,-12.2136
2026-07-03,2121,1d,2026-07-03,2813.00,0.0000,1.4708
2026-07-03,2121,3d,2026-07-07,2940.00,4.5148,-0.6928
2026-07-03,2121,5d,2026-07-09,2925.00,3.9815,-1.4393
2026-07-03,2121,20d,2026-07-31,2896.00,2.9506,-6.3596
2026-07-03,3696,1d,2026-07-03,2096.00,0.0000,1.4708
2026-07-03,3696,3d,2026-07-07,2129.00,1.5744,-0.6928
2026-07-03,3696,5d,2026-07-09,2134.00,1.8130,-1.4393
2026-07-03,3696,20d,2026-07-31,2113.00,0.8111,-6.3596
2026-07-03,6668,1d,2026-07-03,3730.00,0.0000,1.4708
2026-07-03,6668,3d,2026-07-07,3330.00,-10.7239,-0.6928
2026-07-03,6668,5d,2026-07-09,3655.00,-2.0107,-1.4393
2026-07-03,6668,20d,2026-07-31,2871.00,-23.0295,-6.3596
2026-07-03,6707,1d,2026-07-03,11015.00,0.0000,1.4708
2026-07-03,6707,3d,2026-07-07,10545.00,-4.2669,-0.6928
2026-07-03,6707,5d,2026-07-09,10255.00,-6.8997,-1.4393
2026-07-03,6707,20d,2026-07-31,8340.00,-24.2851,-6.3596
2026-07-03,9502,1d,2026-07-03,3174.00,0.0000,1.4708
2026-07-03,9502,3d,2026-07-07,3234.00,1.8904,-0.6928
2026-07-03,9502,5d,2026-07-09,3250.00,2.3945,-1.4393
2026-07-03,9502,20d,2026-07-31,2787.00,-12.1928,-6.3596
2026-07-04,2121,1d,2026-07-06,2869.00,1.9908,-0.0092
2026-07-04,2121,3d,2026-07-08,2942.00,4.5859,-4.1939
2026-07-04,2121,5d,2026-07-10,2933.00,4.2659,-1.7010
2026-07-04,2121,20d,2026-08-03,3400.00,20.8674,-7.7169
2026-07-04,3696,1d,2026-07-06,2101.00,0.2385,-0.0092
2026-07-04,3696,3d,2026-07-08,2144.00,2.2901,-4.1939
2026-07-04,3696,5d,2026-07-10,2156.00,2.8626,-1.7010
2026-07-04,3696,20d,2026-08-03,2124.00,1.3359,-7.7169
2026-07-04,6668,1d,2026-07-06,3635.00,-2.5469,-0.0092
2026-07-04,6668,3d,2026-07-08,3245.00,-13.0027,-4.1939
2026-07-04,6668,5d,2026-07-10,3740.00,0.2681,-1.7010
2026-07-04,6668,20d,2026-08-03,3250.00,-12.8686,-7.7169
2026-07-04,6707,1d,2026-07-06,10685.00,-2.9959,-0.0092
2026-07-04,6707,3d,2026-07-08,10200.00,-7.3990,-4.1939
2026-07-04,6707,5d,2026-07-10,10680.00,-3.0413,-1.7010
2026-07-04,6707,20d,2026-08-03,8544.00,-22.4330,-7.7169
2026-07-04,9502,1d,2026-07-06,3200.00,0.8192,-0.0092
2026-07-04,9502,3d,2026-07-08,3226.00,1.6383,-4.1939
2026-07-04,9502,5d,2026-07-10,3208.00,1.0712,-1.7010
2026-07-04,9502,20d,2026-08-03,2699.50,-14.9496,-7.7169
2026-07-06,4265,1d,2026-07-06,338.00,0.0000,-0.0092
2026-07-06,4265,3d,2026-07-08,399.00,18.0473,-4.1939
2026-07-06,4265,5d,2026-07-10,372.00,10.0592,-1.7010
2026-07-06,4265,20d,2026-08-03,295.00,-12.7219,-7.7169
2026-07-06,5463,1d,2026-07-06,1931.50,0.0000,-0.0092
2026-07-06,5463,3d,2026-07-08,1849.00,-4.2713,-4.1939
2026-07-06,5463,5d,2026-07-10,1783.50,-7.6624,-1.7010
2026-07-06,5463,20d,2026-08-03,1760.00,-8.8791,-7.7169
2026-07-06,8818,1d,2026-07-06,1162.00,0.0000,-0.0092
2026-07-06,8818,3d,2026-07-08,1163.00,0.0861,-4.1939
2026-07-06,8818,5d,2026-07-10,1162.00,0.0000,-1.7010
2026-07-06,8818,20d,2026-08-03,1106.00,-4.8193,-7.7169
2026-07-06,8844,1d,2026-07-06,1446.00,0.0000,-0.0092
2026-07-06,8844,3d,2026-07-08,1398.00,-3.3195,-4.1939
2026-07-06,8844,5d,2026-07-10,1397.00,-3.3887,-1.7010
2026-07-06,8844,20d,2026-08-03,1306.00,-9.6819,-7.7169
2026-07-06,9960,1d,2026-07-06,4380.00,0.0000,-0.0092
2026-07-06,9960,3d,2026-07-08,4150.00,-5.2511,-4.1939
2026-07-06,9960,5d,2026-07-10,4065.00,-7.1918,-1.7010
2026-07-06,9960,20d,2026-08-03,3900.00,-10.9589,-7.7169
2026-07-07,4493,1d,2026-07-07,1949.00,0.0000,-2.1233
2026-07-07,4493,3d,2026-07-09,1881.00,-3.4890,-2.8591
2026-07-07,4493,5d,2026-07-13,1875.00,-3.7968,-3.5776
2026-07-07,4493,20d,2026-08-04,1819.00,-6.6701,-8.1982
2026-07-07,5463,1d,2026-07-07,1852.50,0.0000,-2.1233
2026-07-07,5463,3d,2026-07-09,1806.00,-2.5101,-2.8591
2026-07-07,5463,5d,2026-07-13,1777.00,-4.0756,-3.5776
2026-07-07,5463,20d,2026-08-04,1754.50,-5.2901,-8.1982
2026-07-07,8344,1d,2026-07-07,3875.00,0.0000,-2.1233
2026-07-07,8344,3d,2026-07-09,3785.00,-2.3226,-2.8591
2026-07-07,8344,5d,2026-07-13,3690.00,-4.7742,-3.5776
2026-07-07,8344,20d,2026-08-04,3870.00,-0.1290,-8.1982
2026-07-07,8818,1d,2026-07-07,1158.00,0.0000,-2.1233
2026-07-07,8818,3d,2026-07-09,1149.00,-0.7772,-2.8591
2026-07-07,8818,5d,2026-07-13,1127.00,-2.6770,-3.5776
2026-07-07,8818,20d,2026-08-04,1110.00,-4.1451,-8.1982
2026-07-07,9960,1d,2026-07-07,4300.00,0.0000,-2.1233
2026-07-07,9960,3d,2026-07-09,4225.00,-1.7442,-2.8591
2026-07-07,9960,5d,2026-07-13,4040.00,-6.0465,-3.5776
2026-07-07,9960,20d,2026-08-04,3920.00,-8.8372,-8.1982
2026-07-08,3436,1d,2026-07-08,4507.00,0.0000,-2.1066
2026-07-08,3436,3d,2026-07-10,5244.00,16.3523,0.4406
2026-07-08,3436,5d,2026-07-14,5307.00,17.7502,-0.7522
2026-07-08,3436,20d,2026-08-05,3719.00,-17.4839,-5.3338
2026-07-08,3916,1d,2026-07-08,940.00,0.0000,-2.1066
2026-07-08,3916,3d,2026-07-10,935.00,-0.5319,0.4406
2026-07-08,3916,5d,2026-07-14,974.00,3.6170,-0.7522
2026-07-08,3916,20d,2026-08-05,928.00,-1.2766,-5.3338
2026-07-08,5258,1d,2026-07-08,397.00,0.0000,-2.1066
2026-07-08,5258,3d,2026-07-10,427.00,7.5567,0.4406
2026-07-08,5258,5d,2026-07-14,438.00,10.3275,-0.7522
2026-07-08,5258,20d,2026-08-05,428.00,7.8086,-5.3338
2026-07-08,8818,1d,2026-07-08,1163.00,0.0000,-2.1066
2026-07-08,8818,3d,2026-07-10,1162.00,-0.0860,0.4406
2026-07-08,8818,5d,2026-07-14,1107.00,-4.8151,-0.7522
2026-07-08,8818,20d,2026-08-05,1091.00,-6.1909,-5.3338
2026-07-08,9960,1d,2026-07-08,4150.00,0.0000,-2.1066
2026-07-08,9960,3d,2026-07-10,4065.00,-2.0482,0.4406
2026-07-08,9960,5d,2026-07-14,4030.00,-2.8916,-0.7522
2026-07-08,9960,20d,2026-08-05,3980.00,-4.0964,-5.3338
2026-07-09,3916,1d,2026-07-09,921.00,0.0000,1.3840
2026-07-09,3916,3d,2026-07-13,951.00,3.2573,0.6341
2026-07-09,3916,5d,2026-07-15,979.00,6.2975,2.8921
2026-07-09,3916,20d,2026-08-06,921.00,0.0000,-4.2825
2026-07-09,4722,1d,2026-07-09,1761.00,0.0000,1.3840
2026-07-09,4722,3d,2026-07-13,1940.00,10.1647,0.6341
2026-07-09,4722,5d,2026-07-15,2031.00,15.3322,2.8921
2026-07-09,4722,20d,2026-08-06,2446.00,38.8984,-4.2825
2026-07-09,8818,1d,2026-07-09,1149.00,0.0000,1.3840
2026-07-09,8818,3d,2026-07-13,1127.00,-1.9147,0.6341
2026-07-09,8818,5d,2026-07-15,1106.00,-3.7424,2.8921
2026-07-09,8818,20d,2026-08-06,1092.00,-4.9608,-4.2825
2026-07-09,8844,1d,2026-07-09,1403.00,0.0000,1.3840
2026-07-09,8844,3d,2026-07-13,1360.00,-3.0649,0.6341
2026-07-09,8844,5d,2026-07-15,1411.00,0.5702,2.8921
2026-07-09,8844,20d,2026-08-06,1250.00,-10.9052,-4.2825
2026-07-09,9960,1d,2026-07-09,4225.00,0.0000,1.3840
2026-07-09,9960,3d,2026-07-13,4040.00,-4.3787,0.6341
2026-07-09,9960,5d,2026-07-15,4120.00,-2.4852,2.8921
2026-07-09,9960,20d,2026-08-06,4140.00,-2.0118,-4.2825
2026-07-10,1822,1d,2026-07-10,820.00,0.0000,1.2014
2026-07-10,1822,3d,2026-07-14,788.00,-3.9024,-0.0005
2026-07-10,1822,5d,2026-07-16,791.00,-3.5366,-1.3408
2026-07-10,1822,20d,2026-08-07,781.00,-4.7561,-4.0559
2026-07-10,2734,1d,2026-07-10,1146.00,0.0000,1.2014
2026-07-10,2734,3d,2026-07-14,1132.00,-1.2216,-0.0005
2026-07-10,2734,5d,2026-07-16,1148.00,0.1745,-1.3408
2026-07-10,2734,20d,2026-08-07,1160.00,1.2216,-4.0559
2026-07-10,4722,1d,2026-07-10,1730.00,0.0000,1.2014
2026-07-10,4722,3d,2026-07-14,2053.00,18.6705,-0.0005
2026-07-10,4722,5d,2026-07-16,2150.00,24.2775,-1.3408
2026-07-10,4722,20d,2026-08-07,2446.00,41.3873,-4.0559
2026-07-10,4812,1d,2026-07-10,2702.00,0.0000,1.2014
2026-07-10,4812,3d,2026-07-14,2706.00,0.1480,-0.0005
2026-07-10,4812,5d,2026-07-16,2700.00,-0.0740,-1.3408
2026-07-10,4812,20d,2026-08-07,2686.00,-0.5922,-4.0559
2026-07-10,9425,1d,2026-07-10,253.00,0.0000,1.2014
2026-07-10,9425,3d,2026-07-14,239.00,-5.5336,-0.0005
2026-07-10,9425,5d,2026-07-16,212.00,-16.2055,-1.3408
2026-07-10,9425,20d,2026-08-07,201.00,-20.5534,-4.0559
2026-07-13,1822,1d,2026-07-13,793.00,0.0000,-1.9181
2026-07-13,1822,3d,2026-07-15,796.00,0.3783,0.2827
2026-07-13,1822,5d,2026-07-17,779.00,-1.7654,-6.4422
2026-07-13,1822,20d,2026-08-10,788.00,-0.6305,-2.3156
2026-07-13,4812,1d,2026-07-13,2678.00,0.0000,-1.9181
2026-07-13,4812,3d,2026-07-15,2699.00,0.7842,0.2827
2026-07-13,4812,5d,2026-07-17,2693.00,0.5601,-6.4422
2026-07-13,4812,20d,2026-08-10,2695.00,0.6348,-2.3156
2026-07-13,7581,1d,2026-07-13,5830.00,0.0000,-1.9181
2026-07-13,7581,3d,2026-07-15,5780.00,-0.8576,0.2827
2026-07-13,7581,5d,2026-07-17,7600.00,30.3602,-6.4422
2026-07-13,7581,20d,2026-08-10,7680.00,31.7324,-2.3156
2026-07-13,8008,1d,2026-07-13,2109.00,0.0000,-1.9181
2026-07-13,8008,3d,2026-07-15,2146.00,1.7544,0.2827
2026-07-13,8008,5d,2026-07-17,2112.00,0.1422,-6.4422
2026-07-13,8008,20d,2026-08-10,2063.00,-2.1811,-2.3156
2026-07-13,9425,1d,2026-07-13,223.00,0.0000,-1.9181
2026-07-13,9425,3d,2026-07-15,235.00,5.3812,0.2827
2026-07-13,9425,5d,2026-07-17,194.00,-13.0045,-6.4422
2026-07-13,9425,20d,2026-08-10,194.00,-13.0045,-2.3156
2026-07-14,4394,1d,2026-07-14,566.00,0.0000,0.7447
2026-07-14,4394,3d,2026-07-16,563.00,-0.5300,-0.6055
2026-07-14,4394,5d,2026-07-21,553.00,-2.2968,-1.5028
2026-07-14,4394,20d,2026-08-12,546.00,-3.5336,-0.4053
2026-07-14,4432,1d,2026-07-14,2741.00,0.0000,0.7447
2026-07-14,4432,3d,2026-07-16,2839.00,3.5753,-0.6055
2026-07-14,4432,5d,2026-07-21,2900.00,5.8008,-1.5028
2026-07-14,4432,20d,2026-08-12,3135.00,14.3743,-0.4053
2026-07-14,8008,1d,2026-07-14,2177.00,0.0000,0.7447
2026-07-14,8008,3d,2026-07-16,2126.00,-2.3427,-0.6055
2026-07-14,8008,5d,2026-07-21,2136.00,-1.8833,-1.5028
2026-07-14,8008,20d,2026-08-12,2063.00,-5.2366,-0.4053
2026-07-14,9278,1d,2026-07-14,2206.00,0.0000,0.7447
2026-07-14,9278,3d,2026-07-16,2410.00,9.2475,-0.6055
2026-07-14,9278,5d,2026-07-21,2638.00,19.5830,-1.5028
2026-07-14,9278,20d,2026-08-12,2930.00,32.8196,-0.4053
2026-07-14,9535,1d,2026-07-14,417.00,0.0000,0.7447
2026-07-14,9535,3d,2026-07-16,420.00,0.7194,-0.6055
2026-07-14,9535,5d,2026-07-21,422.00,1.1990,-1.5028
2026-07-14,9535,20d,2026-08-12,410.00,-1.6787,-0.4053
2026-07-16,4394,1d,2026-07-16,563.00,-1.0545,-2.7868
2026-07-16,4394,3d,2026-07-21,553.00,-2.8120,-3.6644
2026-07-16,4394,5d,2026-07-23,553.00,-2.8120,-3.3874
2026-07-16,4394,20d,2026-08-14,547.00,-3.8664,-1.7853
2026-07-16,4432,1d,2026-07-16,2839.00,1.7198,-2.7868
2026-07-16,4432,3d,2026-07-21,2900.00,3.9054,-3.6644
2026-07-16,4432,5d,2026-07-23,2832.00,1.4690,-3.3874
2026-07-16,4432,20d,2026-08-14,3190.00,14.2960,-1.7853
2026-07-16,6474,1d,2026-07-16,6410.00,-0.9274,-2.7868
2026-07-16,6474,3d,2026-07-21,5740.00,-11.2828,-3.6644
2026-07-16,6474,5d,2026-07-23,5780.00,-10.6646,-3.3874
2026-07-16,6474,20d,2026-08-14,5850.00,-9.5827,-1.7853
2026-07-16,8008,1d,2026-07-16,2126.00,-1.3915,-2.7868
2026-07-16,8008,3d,2026-07-21,2136.00,-0.9276,-3.6644
2026-07-16,8008,5d,2026-07-23,2062.00,-4.3599,-3.3874
2026-07-16,8008,20d,2026-08-14,2085.00,-3.2931,-1.7853
2026-07-16,9278,1d,2026-07-16,2410.00,1.1755,-2.7868
2026-07-16,9278,3d,2026-07-21,2638.00,10.7473,-3.6644
2026-07-16,9278,5d,2026-07-23,2508.00,5.2897,-3.3874
2026-07-16,9278,20d,2026-08-14,2800.00,17.5483,-1.7853
2026-07-17,2153,1d,2026-07-17,1767.00,-1.3951,-4.0314
2026-07-17,2153,3d,2026-07-22,1757.00,-1.9531,-1.0772
2026-07-17,2153,5d,2026-07-24,1740.00,-2.9018,-3.3282
2026-07-17,2153,20d,2026-08-17,1777.00,-0.8371,2.8103
2026-07-17,2471,1d,2026-07-17,272.00,1.1152,-4.0314
2026-07-17,2471,3d,2026-07-22,269.00,0.0000,-1.0772
2026-07-17,2471,5d,2026-07-24,267.00,-0.7435,-3.3282
2026-07-17,2471,20d,2026-08-17,297.00,10.4089,2.8103
2026-07-17,3994,1d,2026-07-17,5334.00,3.6131,-4.0314
2026-07-17,3994,3d,2026-07-22,5325.00,3.4382,-1.0772
2026-07-17,3994,5d,2026-07-24,5407.00,5.0311,-3.3282
2026-07-17,3994,20d,2026-08-17,6000.00,16.5501,2.8103
2026-07-17,4477,1d,2026-07-17,313.00,-2.4922,-4.0314
2026-07-17,4477,3d,2026-07-22,306.00,-4.6729,-1.0772
2026-07-17,4477,5d,2026-07-24,295.00,-8.0997,-3.3282
2026-07-17,4477,20d,2026-08-17,297.00,-7.4766,2.8103
2026-07-17,7610,1d,2026-07-17,149.00,0.0000,-4.0314
2026-07-17,7610,3d,2026-07-22,147.00,-1.3423,-1.0772
2026-07-17,7610,5d,2026-07-24,148.00,-0.6711,-3.3282
2026-07-17,7610,20d,2026-08-17,141.00,-5.3691,2.8103
2026-07-21,2153,1d,2026-07-21,1762.00,-0.9556,3.2601
2026-07-21,2153,3d,2026-07-23,1735.00,-2.4733,3.5570
2026-07-21,2153,5d,2026-07-27,1764.00,-0.8432,1.2318
2026-07-21,2153,20d,2026-08-18,1771.00,-0.4497,7.9187
2026-07-21,2471,1d,2026-07-21,272.00,-1.0909,3.2601
2026-07-21,2471,3d,2026-07-23,268.00,-2.5455,3.5570
2026-07-21,2471,5d,2026-07-27,271.00,-1.4545,1.2318
2026-07-21,2471,20d,2026-08-18,293.00,6.5455,7.9187
2026-07-21,3946,1d,2026-07-21,4480.00,0.9009,3.2601
2026-07-21,3946,3d,2026-07-23,4480.00,0.9009,3.5570
2026-07-21,3946,5d,2026-07-27,4550.00,2.4775,1.2318
2026-07-21,3946,20d,2026-08-18,4720.00,6.3063,7.9187
2026-07-21,3994,1d,2026-07-21,5255.00,-3.3297,3.2601
2026-07-21,3994,3d,2026-07-23,5116.00,-5.8867,3.5570
2026-07-21,3994,5d,2026-07-27,5700.00,4.8565,1.2318
2026-07-21,3994,20d,2026-08-18,5658.00,4.0839,7.9187
2026-07-21,7610,1d,2026-07-21,146.00,-2.0134,3.2601
2026-07-21,7610,3d,2026-07-23,149.00,0.0000,3.5570
2026-07-21,7610,5d,2026-07-27,150.00,0.6711,1.2318
2026-07-21,7610,20d,2026-08-18,139.00,-6.7114,7.9187
2026-07-22,2153,1d,2026-07-22,1757.00,0.4574,-0.1760
2026-07-22,2153,3d,2026-07-24,1740.00,-0.5146,-2.4475
2026-07-22,2153,5d,2026-07-28,1762.00,0.7433,-5.8390
2026-07-22,2153,20d,2026-08-19,1758.00,0.5146,5.1755
2026-07-22,3946,1d,2026-07-22,4465.00,-0.6674,-0.1760
2026-07-22,3946,3d,2026-07-24,4480.00,-0.3337,-2.4475
2026-07-22,3946,5d,2026-07-28,4540.00,1.0011,-5.8390
2026-07-22,3946,20d,2026-08-19,4630.00,3.0033,5.1755
2026-07-22,4174,1d,2026-07-22,738.36,-4.1086,-0.1760
2026-07-22,4174,3d,2026-07-24,742.29,-3.5992,-2.4475
2026-07-22,4174,5d,2026-07-28,718.75,-6.6555,-5.8390
2026-07-22,4174,20d,2026-08-19,803.00,4.2857,5.1755
2026-07-22,4432,1d,2026-07-22,2873.00,0.4545,-0.1760
2026-07-22,4432,3d,2026-07-24,2831.00,-1.0140,-2.4475
2026-07-22,4432,5d,2026-07-28,3055.00,6.8182,-5.8390
2026-07-22,4432,20d,2026-08-19,3230.00,12.9371,5.1755
2026-07-22,4722,1d,2026-07-22,2206.00,-1.8683,-0.1760
2026-07-22,4722,3d,2026-07-24,2210.00,-1.6904,-2.4475
2026-07-22,4722,5d,2026-07-28,2340.00,4.0925,-5.8390
2026-07-22,4722,20d,2026-08-19,2446.00,8.8078,5.1755
2026-07-23,2326,1d,2026-07-23,4025.00,0.2491,0.4643
2026-07-23,2326,3d,2026-07-27,4050.00,0.8717,-1.7914
2026-07-23,2326,5d,2026-07-29,4165.00,3.7360,-7.0806
2026-07-23,2326,20d,2026-08-20,4425.00,10.2117,1.8480
2026-07-23,3697,1d,2026-07-23,745.80,-0.6660,0.4643
2026-07-23,3697,3d,2026-07-27,882.20,17.5013,-1.7914
2026-07-23,3697,5d,2026-07-29,950.00,26.5317,-7.0806
2026-07-23,3697,20d,2026-08-20,955.00,27.1977,1.8480
2026-07-23,3946,1d,2026-07-23,4480.00,0.1117,0.4643
2026-07-23,3946,3d,2026-07-27,4550.00,1.6760,-1.7914
2026-07-23,3946,5d,2026-07-29,4640.00,3.6872,-7.0806
2026-07-23,3946,20d,2026-08-20,4740.00,5.9218,1.8480
2026-07-23,4432,1d,2026-07-23,2832.00,-0.6316,0.4643
2026-07-23,4432,3d,2026-07-27,2960.00,3.8596,-1.7914
2026-07-23,4432,5d,2026-07-29,3230.00,13.3333,-7.0806
2026-07-23,4432,20d,2026-08-20,3320.00,16.4912,1.8480
2026-07-23,4722,1d,2026-07-23,2183.00,-2.2391,0.4643
2026-07-23,4722,3d,2026-07-27,2368.00,6.0457,-1.7914
2026-07-23,4722,5d,2026-07-29,2382.00,6.6726,-7.0806
2026-07-23,4722,20d,2026-08-20,2446.00,9.5387,1.8480
2026-07-24,2326,1d,2026-07-24,3935.00,-1.3784,-2.7272
2026-07-24,2326,3d,2026-07-28,4100.00,2.7569,-6.1089
2026-07-24,2326,5d,2026-07-30,4105.00,2.8822,-6.8579
2026-07-24,2326,20d,2026-08-21,4370.00,9.5238,-0.6116
2026-07-24,3946,1d,2026-07-24,4480.00,0.2237,-2.7272
2026-07-24,3946,3d,2026-07-28,4540.00,1.5660,-6.1089
2026-07-24,3946,5d,2026-07-30,4630.00,3.5794,-6.8579
2026-07-24,3946,20d,2026-08-21,4755.00,6.3758,-0.6116
2026-07-24,4722,1d,2026-07-24,2210.00,2.7907,-2.7272
2026-07-24,4722,3d,2026-07-28,2340.00,8.8372,-6.1089
2026-07-24,4722,5d,2026-07-30,2449.00,13.9070,-6.8579
2026-07-24,4722,20d,2026-08-21,2446.00,13.7674,-0.6116
2026-07-24,4733,1d,2026-07-24,7638.00,3.6926,-2.7272
2026-07-24,4733,3d,2026-07-28,8001.00,8.6207,-6.1089
2026-07-24,4733,5d,2026-07-30,8339.00,13.2093,-6.8579
2026-07-24,4733,20d,2026-08-21,8274.00,12.3269,-0.6116
2026-07-24,8541,1d,2026-07-24,2794.00,8.4627,-2.7272
2026-07-24,8541,3d,2026-07-28,2932.00,13.8199,-6.1089
2026-07-24,8541,5d,2026-07-30,2720.00,5.5901,-6.8579
2026-07-24,8541,20d,2026-08-21,3260.00,26.5528,-0.6116
2026-07-27,3159,1d,2026-07-27,367.00,0.0000,0.4953
2026-07-27,3159,3d,2026-07-29,366.00,-0.2725,-4.9170
2026-07-27,3159,5d,2026-07-31,364.00,-0.8174,-0.3856
2026-07-27,3159,20d,2026-08-24,390.00,6.2670,2.1749
2026-07-27,3946,1d,2026-07-27,4550.00,1.1111,0.4953
2026-07-27,3946,3d,2026-07-29,4640.00,3.1111,-4.9170
2026-07-27,3946,5d,2026-07-31,4515.00,0.3333,-0.3856
2026-07-27,3946,20d,2026-08-24,4715.00,4.7778,2.1749
2026-07-27,4432,1d,2026-07-27,2960.00,1.9986,0.4953
2026-07-27,4432,3d,2026-07-29,3230.00,11.3025,-4.9170
2026-07-27,4432,5d,2026-07-31,3190.00,9.9242,-0.3856
2026-07-27,4432,20d,2026-08-24,3335.00,14.9207,2.1749
2026-07-27,4722,1d,2026-07-27,2368.00,4.3632,0.4953
2026-07-27,4722,3d,2026-07-29,2382.00,4.9802,-4.9170
2026-07-27,4722,5d,2026-07-31,2445.00,7.7567,-0.3856
2026-07-27,4722,20d,2026-08-24,2446.00,7.8008,2.1749
2026-07-27,7752,1d,2026-07-27,1632.50,2.8670,0.4953
2026-07-27,7752,3d,2026-07-29,1643.50,3.5602,-4.9170
2026-07-27,7752,5d,2026-07-31,1579.50,-0.4726,-0.3856
2026-07-27,7752,20d,2026-08-24,1659.50,4.5684,2.1749
2026-07-28,3159,1d,2026-07-28,365.00,-0.2732,-3.9523
2026-07-28,3159,3d,2026-07-30,364.00,-0.5464,-4.7185
2026-07-28,3159,5d,2026-08-03,362.00,-1.0929,-0.8766
2026-07-28,3159,20d,2026-08-25,412.00,12.5683,0.9193
2026-07-28,3946,1d,2026-07-28,4540.00,0.7769,-3.9523
2026-07-28,3946,3d,2026-07-30,4630.00,2.7747,-4.7185
2026-07-28,3946,5d,2026-08-03,4570.00,1.4428,-0.8766
2026-07-28,3946,20d,2026-08-25,4625.00,2.6637,0.9193
2026-07-28,4432,1d,2026-07-28,3055.00,0.4934,-3.9523
2026-07-28,4432,3d,2026-07-30,3250.00,6.9079,-4.7185
2026-07-28,4432,5d,2026-08-03,3215.00,5.7566,-0.8766
2026-07-28,4432,20d,2026-08-25,3310.00,8.8816,0.9193
2026-07-28,4722,1d,2026-07-28,2340.00,-1.4737,-3.9523
2026-07-28,4722,3d,2026-07-30,2449.00,3.1158,-4.7185
2026-07-28,4722,5d,2026-08-03,2447.00,3.0316,-0.8766
2026-07-28,4722,20d,2026-08-25,2448.00,3.0737,0.9193
2026-07-28,5253,1d,2026-07-28,1608.00,0.1245,-3.9523
2026-07-28,5253,3d,2026-07-30,1546.00,-3.7360,-4.7185
2026-07-28,5253,5d,2026-08-03,1407.00,-12.3910,-0.8766
2026-07-28,5253,20d,2026-08-25,1621.00,0.9340,0.9193
2026-07-29,3159,1d,2026-07-29,366.00,-0.2725,-1.4924
2026-07-29,3159,3d,2026-07-31,364.00,-0.8174,3.2023
2026-07-29,3159,5d,2026-08-04,380.00,3.5422,2.6546
2026-07-29,3159,20d,2026-08-26,404.00,10.0817,6.2491
2026-07-29,3946,1d,2026-07-29,4640.00,2.3153,-1.4924
2026-07-29,3946,3d,2026-07-31,4515.00,-0.4410,3.2023
2026-07-29,3946,5d,2026-08-04,4455.00,-1.7641,2.6546
2026-07-29,3946,20d,2026-08-26,4615.00,1.7641,6.2491
2026-07-29,4373,1d,2026-07-29,1183.00,5.9087,-1.4924
2026-07-29,4373,3d,2026-07-31,1131.00,1.2534,3.2023
2026-07-29,4373,5d,2026-08-04,1093.00,-2.1486,2.6546
2026-07-29,4373,20d,2026-08-26,1181.00,5.7296,6.2491
2026-07-29,4733,1d,2026-07-29,8426.00,5.8676,-1.4924
2026-07-29,4733,3d,2026-07-31,8003.00,0.5528,3.2023
2026-07-29,4733,5d,2026-08-04,7811.00,-1.8595,2.6546
2026-07-29,4733,20d,2026-08-26,8310.00,4.4101,6.2491
2026-07-29,5911,1d,2026-07-29,2993.00,0.5037,-1.4924
2026-07-29,5911,3d,2026-07-31,2960.00,-0.6044,3.2023
2026-07-29,5911,5d,2026-08-04,2929.00,-1.6454,2.6546
2026-07-29,5911,20d,2026-08-26,3010.00,1.0745,6.2491
2026-07-30,2354,1d,2026-07-30,1184.00,-6.9182,0.7052
2026-07-30,2354,3d,2026-08-03,1255.00,-1.3365,4.7658
2026-07-30,2354,5d,2026-08-05,1390.00,9.2767,5.1796
2026-07-30,2354,20d,2026-08-27,1495.00,17.5314,8.0644
2026-07-30,3539,1d,2026-07-30,1445.00,1.6174,0.7052
2026-07-30,3539,3d,2026-08-03,1372.00,-3.5162,4.7658
2026-07-30,3539,5d,2026-08-05,1368.00,-3.7975,5.1796
2026-07-30,3539,20d,2026-08-27,1505.00,5.8368,8.0644
2026-07-30,3635,1d,2026-07-30,1671.00,0.9668,0.7052
2026-07-30,3635,3d,2026-08-03,1575.00,-4.8338,4.7658
2026-07-30,3635,5d,2026-08-05,1567.50,-5.2870,5.1796
2026-07-30,3635,20d,2026-08-27,1701.50,2.8097,8.0644
2026-07-30,5253,1d,2026-07-30,1546.00,-0.7702,0.7052
2026-07-30,5253,3d,2026-08-03,1457.00,-6.4827,4.7658
2026-07-30,5253,5d,2026-08-05,1484.00,-4.7497,5.1796
2026-07-30,5253,20d,2026-08-27,1694.00,8.7291,8.0644
2026-07-30,9605,1d,2026-07-30,6270.00,-0.4762,0.7052
2026-07-30,9605,3d,2026-08-03,5970.00,-5.2381,4.7658
2026-07-30,9605,5d,2026-08-05,5890.00,-6.5079,5.1796
2026-07-30,9605,20d,2026-08-27,6080.00,-3.4921,8.0644
2026-07-31,2354,1d,2026-07-31,1235.00,-3.5156,4.0322
2026-07-31,2354,3d,2026-08-04,1226.00,-4.2188,3.4801
2026-07-31,2354,5d,2026-08-06,1339.00,4.6094,3.3784
2026-07-31,2354,20d,2026-08-28,1499.00,17.1094,7.3353
2026-07-31,3539,1d,2026-07-31,1369.00,-3.9298,4.0322
2026-07-31,3539,3d,2026-08-04,1356.00,-4.8421,3.4801
2026-07-31,3539,5d,2026-08-06,1375.00,-3.5088,3.3784
2026-07-31,3539,20d,2026-08-28,1484.00,4.1404,7.3353
2026-07-31,3635,1d,2026-07-31,1609.50,-1.7099,4.0322
2026-07-31,3635,3d,2026-08-04,1565.50,-4.3969,3.4801
2026-07-31,3635,5d,2026-08-06,1562.50,-4.5802,3.3784
2026-07-31,3635,20d,2026-08-28,1722.00,5.1603,7.3353
2026-07-31,3636,1d,2026-07-31,4810.00,1.4768,4.0322
2026-07-31,3636,3d,2026-08-04,4635.00,-2.2152,3.4801
2026-07-31,3636,5d,2026-08-06,4580.00,-3.3755,3.3784
2026-07-31,3636,20d,2026-08-28,5150.00,8.6498,7.3353
2026-07-31,9605,1d,2026-07-31,6040.00,-2.7375,4.0322
2026-07-31,9605,3d,2026-08-04,5930.00,-4.5089,3.4801
2026-07-31,9605,5d,2026-08-06,5850.00,-5.7971,3.3784
2026-07-31,9605,20d,2026-08-28,6040.00,-2.7375,7.3353
2026-08-03,3635,1d,2026-08-03,1575.00,-1.5625,0.0000
2026-08-03,3635,3d,2026-08-05,1567.50,-2.0312,0.3950
2026-08-03,3635,5d,2026-08-07,1635.00,2.1875,0.9854
2026-08-03,3635,20d,2026-08-31,1704.00,6.5000,1.2018
2026-08-03,4661,1d,2026-08-03,3087.00,-1.0260,0.0000
2026-08-03,4661,3d,2026-08-05,2936.00,-5.8673,0.3950
2026-08-03,4661,5d,2026-08-07,3004.00,-3.6871,0.9854
2026-08-03,4661,20d,2026-08-31,3042.00,-2.4687,1.2018
2026-08-03,4722,1d,2026-08-03,2445.00,-0.0817,0.0000
2026-08-03,4722,3d,2026-08-05,2446.00,-0.0409,0.3950
2026-08-03,4722,5d,2026-08-07,2446.00,-0.0409,0.9854
2026-08-03,4722,20d,2026-08-31,2451.00,0.1635,1.2018
2026-08-03,9605,1d,2026-08-03,5970.00,-0.5000,0.0000
2026-08-03,9605,3d,2026-08-05,5890.00,-1.8333,0.3950
2026-08-03,9605,5d,2026-08-07,6000.00,0.0000,0.9854
2026-08-03,9605,20d,2026-08-31,6080.00,1.3333,1.2018
2026-08-03,9991,1d,2026-08-03,1734.00,0.8140,0.0000
2026-08-03,9991,3d,2026-08-05,1707.00,-0.7558,0.3950
2026-08-03,9991,5d,2026-08-07,1748.00,1.6279,0.9854
2026-08-03,9991,20d,2026-08-31,1771.00,2.9651,1.2018
2026-08-04,1899,1d,2026-08-04,3880.00,0.2584,0.0000
2026-08-04,1899,3d,2026-08-06,3955.00,2.1964,0.3178
2026-08-04,1899,5d,2026-08-10,4605.00,18.9922,5.0433
2026-08-04,1899,20d,2026-09-01,4650.00,20.1550,3.9214
2026-08-04,2121,1d,2026-08-04,3210.00,-3.4586,0.0000
2026-08-04,2121,3d,2026-08-06,3230.00,-2.8571,0.3178
2026-08-04,2121,5d,2026-08-10,3335.00,0.3008,5.0433
2026-08-04,2121,20d,2026-09-01,3720.00,11.8797,3.9214
2026-08-04,4722,1d,2026-08-04,2446.00,-0.0409,0.0000
2026-08-04,4722,3d,2026-08-06,2446.00,-0.0409,0.3178
2026-08-04,4722,5d,2026-08-10,2444.00,-0.1226,5.0433
2026-08-04,4722,20d,2026-09-01,2449.00,0.0817,3.9214
2026-08-04,9507,1d,2026-08-04,1717.00,-0.6940,0.0000
2026-08-04,9507,3d,2026-08-06,1776.50,2.7473,0.3178
2026-08-04,9507,5d,2026-08-10,1734.50,0.3181,5.0433
2026-08-04,9507,20d,2026-09-01,2045.50,18.3054,3.9214
2026-08-04,9991,1d,2026-08-04,1700.00,-0.5266,0.0000
2026-08-04,9991,3d,2026-08-06,1729.00,1.1703,0.3178
2026-08-04,9991,5d,2026-08-10,1749.00,2.3406,5.0433
2026-08-04,9991,20d,2026-09-01,1788.00,4.6226,3.9214
2026-08-05,1899,1d,2026-08-05,3910.00,1.0336,0.0000
2026-08-05,1899,3d,2026-08-07,4440.00,14.7287,1.6241
2026-08-05,1899,5d,2026-08-12,4605.00,18.9922,4.7104
2026-08-05,2121,1d,2026-08-05,3215.00,-0.4644,0.0000
2026-08-05,2121,3d,2026-08-07,3230.00,0.0000,1.6241
2026-08-05,2121,5d,2026-08-12,3335.00,3.2508,4.7104
2026-08-05,3851,1d,2026-08-05,1025.00,-1.2524,0.0000
2026-08-05,3851,3d,2026-08-07,1076.00,3.6609,1.6241
2026-08-05,3851,5d,2026-08-12,1135.00,9.3449,4.7104
2026-08-05,4722,1d,2026-08-05,2448.00,0.0818,0.0000
2026-08-05,4722,3d,2026-08-07,2446.00,0.0000,1.6241
2026-08-05,4722,5d,2026-08-12,2444.00,-0.0818,4.7104
2026-08-05,9507,1d,2026-08-05,1741.50,-1.3035,0.0000
2026-08-05,9507,3d,2026-08-07,1745.50,-1.0768,1.6241
2026-08-05,9507,5d,2026-08-12,1734.50,-1.7002,4.7104
2026-08-06,2121,1d,2026-08-06,3210.00,-0.7728,-0.9309
2026-08-06,2121,3d,2026-08-10,3335.00,3.0912,1.0102
2026-08-06,2121,5d,2026-08-13,3320.00,2.6275,1.0102
2026-08-06,3851,1d,2026-08-06,1041.00,0.3857,-0.9309
2026-08-06,3851,3d,2026-08-10,1135.00,9.4503,1.0102
2026-08-06,3851,5d,2026-08-13,1140.00,9.9325,1.0102
2026-08-06,4674,1d,2026-08-06,1729.00,2.9167,-0.9309
2026-08-06,4674,3d,2026-08-10,1867.00,11.1310,1.0102
2026-08-06,4674,5d,2026-08-13,1855.00,10.4167,1.0102
2026-08-06,6932,1d,2026-08-06,2763.00,-0.5400,-0.9309
2026-08-06,6932,3d,2026-08-10,2654.00,-4.4636,1.0102
2026-08-06,6932,5d,2026-08-13,2590.00,-6.7675,1.0102
2026-08-06,9507,1d,2026-08-06,1741.50,-1.9150,-0.9309
2026-08-06,9507,3d,2026-08-10,1734.50,-2.3092,1.0102
2026-08-06,9507,5d,2026-08-13,1748.00,-1.5489,1.0102
2026-08-07,2121,1d,2026-08-07,3275.00,1.8663,-0.1165
2026-08-07,2121,3d,2026-08-12,3335.00,3.7325,1.9593
2026-08-07,2121,5d,2026-08-14,3285.00,2.1773,2.8025
2026-08-07,3762,1d,2026-08-07,2284.00,-0.6957,-0.1165
2026-08-07,3762,3d,2026-08-12,2303.00,0.1304,1.9593
2026-08-07,3762,5d,2026-08-14,2311.00,0.4783,2.8025
2026-08-07,4674,1d,2026-08-07,1805.00,-0.2762,-0.1165
2026-08-07,4674,3d,2026-08-12,1867.00,3.1492,1.9593
2026-08-07,4674,5d,2026-08-14,1919.00,6.0221,2.8025
2026-08-07,6517,1d,2026-08-07,4215.00,1.5663,-0.1165
2026-08-07,6517,3d,2026-08-12,4250.00,2.4096,1.9593
2026-08-07,6517,5d,2026-08-14,4130.00,-0.4819,2.8025
2026-08-07,9511,1d,2026-08-07,1069.00,0.4699,-0.1165
2026-08-07,9511,3d,2026-08-12,1070.00,0.5639,1.9593
2026-08-07,9511,5d,2026-08-14,1097.00,3.1015,2.8025
2026-08-10,2121,1d,2026-08-10,3335.00,1.8321,2.0783
2026-08-10,2121,3d,2026-08-13,3320.00,1.3740,2.0783
2026-08-10,2121,5d,2026-08-17,3305.00,0.9160,4.7359
2026-08-10,3762,1d,2026-08-10,2303.00,0.8319,2.0783
2026-08-10,3762,3d,2026-08-13,2321.00,1.6200,2.0783
2026-08-10,3762,5d,2026-08-17,2310.00,1.1384,4.7359
2026-08-10,4674,1d,2026-08-10,1867.00,3.4349,2.0783
2026-08-10,4674,3d,2026-08-13,1855.00,2.7701,2.0783
2026-08-10,4674,5d,2026-08-17,1955.00,8.3102,4.7359
2026-08-10,6517,1d,2026-08-10,4250.00,0.8304,2.0783
2026-08-10,6517,3d,2026-08-13,4145.00,-1.6607,2.0783
2026-08-10,6517,5d,2026-08-17,4140.00,-1.7794,4.7359
2026-08-10,9511,1d,2026-08-10,1070.00,0.0935,2.0783
2026-08-10,9511,3d,2026-08-13,1093.00,2.2451,2.0783
2026-08-10,9511,5d,2026-08-17,1142.00,6.8288,4.7359
2026-08-12,3901,1d,2026-08-12,1515.00,0.0661,0.0000
2026-08-12,3901,3d,2026-08-14,1561.00,3.1044,0.8270
2026-08-12,3901,5d,2026-08-18,1643.00,8.5205,3.3597
2026-08-12,3964,1d,2026-08-12,1465.00,-0.6106,0.0000
2026-08-12,3964,3d,2026-08-14,1483.00,0.6106,0.8270
2026-08-12,3964,5d,2026-08-18,1501.00,1.8318,3.3597
2026-08-12,4674,1d,2026-08-12,1855.00,-0.6427,0.0000
2026-08-12,4674,3d,2026-08-14,1919.00,2.7852,0.8270
2026-08-12,4674,5d,2026-08-18,1998.00,7.0166,3.3597
2026-08-12,6952,1d,2026-08-12,2365.00,2.3367,0.0000
2026-08-12,6952,3d,2026-08-14,2480.00,7.3129,0.8270
2026-08-12,6952,5d,2026-08-18,2353.00,1.8174,3.3597
2026-08-12,8276,1d,2026-08-12,2713.00,0.2216,0.0000
2026-08-12,8276,3d,2026-08-14,2725.00,0.6649,0.8270
2026-08-12,8276,5d,2026-08-18,2716.00,0.3325,3.3597
2026-08-13,3964,1d,2026-08-13,1477.00,0.8191,0.0000
2026-08-13,3964,3d,2026-08-17,1485.00,1.3652,1.7619
2026-08-13,3964,5d,2026-08-19,1440.00,-1.7065,-0.0938
2026-08-13,4674,1d,2026-08-13,1898.00,2.3181,0.0000
2026-08-13,4674,3d,2026-08-17,1955.00,5.3908,1.7619
2026-08-13,4674,5d,2026-08-19,2018.00,8.7871,-0.0938
2026-08-13,6952,1d,2026-08-13,2488.50,5.2220,0.0000
2026-08-13,6952,3d,2026-08-17,2399.00,1.4376,1.7619
2026-08-13,6952,5d,2026-08-19,2280.00,-3.5941,-0.0938
2026-08-13,8276,1d,2026-08-13,2728.00,0.5529,0.0000
2026-08-13,8276,3d,2026-08-17,2745.00,1.1795,1.7619
2026-08-13,8276,5d,2026-08-19,2695.00,-0.6635,-0.0938
2026-08-13,9684,1d,2026-08-13,2868.00,-3.5642,0.0000
2026-08-13,9684,3d,2026-08-17,2886.00,-2.9590,1.7619
2026-08-13,9684,5d,2026-08-19,2888.50,-2.8749,-0.0938
2026-08-14,3901,1d,2026-08-14,1615.00,3.4593,0.5932
2026-08-14,3901,3d,2026-08-18,1643.00,5.2530,1.3346
2026-08-14,3901,5d,2026-08-20,1614.00,3.3953,-4.3657
2026-08-14,4390,1d,2026-08-14,4045.00,8.1551,0.5932
2026-08-14,4390,3d,2026-08-18,4090.00,9.3583,1.3346
2026-08-14,4390,5d,2026-08-20,3980.00,6.4171,-4.3657
2026-08-14,4674,1d,2026-08-14,1955.00,1.4004,0.5932
2026-08-14,4674,3d,2026-08-18,1998.00,3.6307,1.3346
2026-08-14,4674,5d,2026-08-20,2033.00,5.4461,-4.3657
2026-08-14,4746,1d,2026-08-14,6500.00,0.0000,0.5932
2026-08-14,4746,3d,2026-08-18,6480.00,-0.3077,1.3346
2026-08-14,4746,5d,2026-08-20,6430.00,-1.0769,-4.3657
2026-08-14,8276,1d,2026-08-14,2750.00,0.9174,0.5932
2026-08-14,8276,3d,2026-08-18,2716.00,-0.3303,1.3346
2026-08-14,8276,5d,2026-08-20,2709.00,-0.5872,-4.3657
2026-08-17,3683,1d,2026-08-17,1122.00,1.1722,0.0000
2026-08-17,3683,3d,2026-08-19,1104.00,-0.4509,-1.8236
2026-08-17,3683,5d,2026-08-21,1121.00,1.0821,-3.9256
2026-08-17,4390,1d,2026-08-17,4090.00,1.1125,0.0000
2026-08-17,4390,3d,2026-08-19,3885.00,-3.9555,-1.8236
2026-08-17,4390,5d,2026-08-21,4065.00,0.4944,-3.9256
2026-08-17,4746,1d,2026-08-17,6490.00,-0.1538,0.0000
2026-08-17,4746,3d,2026-08-19,6460.00,-0.6154,-1.8236
2026-08-17,4746,5d,2026-08-21,6670.00,2.6154,-3.9256
2026-08-17,4847,1d,2026-08-17,1275.00,-0.4684,0.0000
2026-08-17,4847,3d,2026-08-19,1281.00,0.0000,-1.8236
2026-08-17,4847,5d,2026-08-21,1319.00,2.9664,-3.9256
2026-08-17,8276,1d,2026-08-17,2745.00,-0.1818,0.0000
2026-08-17,8276,3d,2026-08-19,2695.00,-2.0000,-1.8236
2026-08-17,8276,5d,2026-08-21,2752.00,0.0727,-3.9256
2026-08-18,1847,1d,2026-08-18,3405.00,-0.7289,0.0000
2026-08-18,1847,3d,2026-08-20,3335.00,-2.7697,-5.6253
2026-08-18,1847,5d,2026-08-24,3450.00,0.5831,-4.6285
2026-08-18,3683,1d,2026-08-18,1113.00,-0.8021,0.0000
2026-08-18,3683,3d,2026-08-20,1117.00,-0.4456,-5.6253
2026-08-18,3683,5d,2026-08-24,1119.00,-0.2674,-4.6285
2026-08-18,3901,1d,2026-08-18,1643.00,1.8599,0.0000
2026-08-18,3901,3d,2026-08-20,1614.00,0.0620,-5.6253
2026-08-18,3901,5d,2026-08-24,1567.00,-2.8518,-4.6285
2026-08-18,4674,1d,2026-08-18,1998.00,2.1995,0.0000
2026-08-18,4674,3d,2026-08-20,2033.00,3.9898,-5.6253
2026-08-18,4674,5d,2026-08-24,2044.00,4.5524,-4.6285
2026-08-18,8281,1d,2026-08-18,1200.00,0.0000,0.0000
2026-08-18,8281,3d,2026-08-20,1208.00,0.6667,-5.6253
2026-08-18,8281,5d,2026-08-24,1191.00,-0.7500,-4.6285
2026-08-19,3040,1d,2026-08-19,2388.00,-3.5152,0.0000
2026-08-19,3040,3d,2026-08-21,2385.00,-3.6364,-2.1410
2026-08-19,3040,5d,2026-08-25,2296.00,-7.2323,-2.8648
2026-08-19,3676,1d,2026-08-19,1060.00,0.0944,0.0000
2026-08-19,3676,3d,2026-08-21,1059.00,0.0000,-2.1410
2026-08-19,3676,5d,2026-08-25,1058.00,-0.0944,-2.8648
2026-08-19,3683,1d,2026-08-19,1104.00,-0.8086,0.0000
2026-08-19,3683,3d,2026-08-21,1121.00,0.7188,-2.1410
2026-08-19,3683,5d,2026-08-25,1101.00,-1.0782,-2.8648
2026-08-19,4674,1d,2026-08-19,2018.00,1.0010,0.0000
2026-08-19,4674,3d,2026-08-21,2041.00,2.1522,-2.1410
2026-08-19,4674,5d,2026-08-25,1998.00,0.0000,-2.8648
2026-08-19,6840,1d,2026-08-19,771.00,-7.6647,0.0000
2026-08-19,6840,3d,2026-08-21,732.00,-12.3353,-2.1410
2026-08-19,6840,5d,2026-08-25,783.00,-6.2275,-2.8648
2026-08-20,3040,1d,2026-08-20,2399.00,0.4606,0.0000
2026-08-20,3040,3d,2026-08-24,2341.00,-1.9682,1.0561
2026-08-20,3040,5d,2026-08-26,2303.00,-3.5595,1.4324
2026-08-20,3660,1d,2026-08-20,537.00,4.4747,0.0000
2026-08-20,3660,3d,2026-08-24,520.00,1.1673,1.0561
2026-08-20,3660,5d,2026-08-26,525.00,2.1401,1.4324
2026-08-20,3676,1d,2026-08-20,1060.00,0.0000,0.0000
2026-08-20,3676,3d,2026-08-24,1058.00,-0.1887,1.0561
2026-08-20,3676,5d,2026-08-26,1058.00,-0.1887,1.4324
2026-08-20,8070,1d,2026-08-20,939.00,0.5353,0.0000
2026-08-20,8070,3d,2026-08-24,938.00,0.4283,1.0561
2026-08-20,8070,5d,2026-08-26,980.00,4.9251,1.4324
2026-08-20,8281,1d,2026-08-20,1208.00,1.0033,0.0000
2026-08-20,8281,3d,2026-08-24,1191.00,-0.4181,1.0561
2026-08-20,8281,5d,2026-08-26,1176.00,-1.6722,1.4324
2026-08-21,2735,1d,2026-08-21,717.00,0.4202,-0.3027
2026-08-21,2735,3d,2026-08-25,719.00,0.7003,-1.0401
2026-08-21,2735,5d,2026-08-27,708.00,-0.8403,0.2593
2026-08-21,4019,1d,2026-08-21,642.00,-0.7728,-0.3027
2026-08-21,4019,3d,2026-08-25,642.00,-0.7728,-1.0401
2026-08-21,4019,5d,2026-08-27,648.00,0.1546,0.2593
2026-08-21,6862,1d,2026-08-21,3370.00,-6.7773,-0.3027
2026-08-21,6862,3d,2026-08-25,3545.00,-1.9364,-1.0401
2026-08-21,6862,5d,2026-08-27,3350.00,-7.3306,0.2593
2026-08-21,8070,1d,2026-08-21,938.00,-0.1065,-0.3027
2026-08-21,8070,3d,2026-08-25,946.00,0.7455,-1.0401
2026-08-21,8070,5d,2026-08-27,975.00,3.8339,0.2593
2026-08-21,8281,1d,2026-08-21,1212.00,0.3311,-0.3027
2026-08-21,8281,3d,2026-08-25,1186.00,-1.8212,-1.0401
2026-08-21,8281,5d,2026-08-27,1169.00,-3.2285,0.2593
2026-08-24,2735,1d,2026-08-24,714.00,-0.4184,0.0000
2026-08-24,2735,3d,2026-08-26,715.00,-0.2789,0.3723
2026-08-24,2735,5d,2026-08-28,694.00,-3.2078,0.5896
2026-08-24,3659,1d,2026-08-24,3105.00,0.3231,0.0000
2026-08-24,3659,3d,2026-08-26,3121.00,0.8401,0.3723
2026-08-24,3659,5d,2026-08-28,3148.00,1.7124,0.5896
2026-08-24,4019,1d,2026-08-24,628.00,-2.1807,0.0000
2026-08-24,4019,3d,2026-08-26,650.00,1.2461,0.3723
2026-08-24,4019,5d,2026-08-28,682.00,6.2305,0.5896
2026-08-24,6862,1d,2026-08-24,3530.00,4.7478,0.0000
2026-08-24,6862,3d,2026-08-26,3425.00,1.6320,0.3723
2026-08-24,6862,5d,2026-08-28,3300.00,-2.0772,0.5896
2026-08-24,8070,1d,2026-08-24,938.00,0.0000,0.0000
2026-08-24,8070,3d,2026-08-26,980.00,4.4776,0.3723
2026-08-24,8070,5d,2026-08-28,959.00,2.2388,0.5896
2026-08-25,2735,1d,2026-08-25,719.00,0.7003,0.0000
2026-08-25,2735,3d,2026-08-27,708.00,-0.8403,1.3130
2026-08-25,2735,5d,2026-08-31,696.00,-2.5210,-0.5991
2026-08-25,3660,1d,2026-08-25,521.00,0.1923,0.0000
2026-08-25,3660,3d,2026-08-27,533.00,2.5000,1.3130
2026-08-25,3660,5d,2026-08-31,538.00,3.4615,-0.5991
2026-08-25,3932,1d,2026-08-25,3795.00,-0.6545,0.0000
2026-08-25,3932,3d,2026-08-27,3895.00,1.9634,1.3130
2026-08-25,3932,5d,2026-08-31,3885.00,1.7016,-0.5991
2026-08-25,4180,1d,2026-08-25,1282.00,-4.6840,0.0000
2026-08-25,4180,3d,2026-08-27,1307.00,-2.8253,1.3130
2026-08-25,4180,5d,2026-08-31,1428.00,6.1710,-0.5991
2026-08-25,6630,1d,2026-08-25,813.00,-1.2151,0.0000
2026-08-25,6630,3d,2026-08-27,796.00,-3.2807,1.3130
2026-08-25,6630,5d,2026-08-31,815.00,-0.9721,-0.5991
2026-08-26,2735,1d,2026-08-26,715.00,-0.5563,0.6161
2026-08-26,2735,3d,2026-08-28,694.00,-3.4771,0.8338
2026-08-26,2735,5d,2026-09-01,697.00,-3.0598,0.6052
2026-08-26,3932,1d,2026-08-26,3865.00,1.8445,0.6161
2026-08-26,3932,3d,2026-08-28,3870.00,1.9763,0.8338
2026-08-26,3932,5d,2026-09-01,3995.00,5.2701,0.6052
2026-08-26,4180,1d,2026-08-26,1274.00,-0.6240,0.6161
2026-08-26,4180,3d,2026-08-28,1321.00,3.0421,0.8338
2026-08-26,4180,5d,2026-09-01,1454.00,13.4165,0.6052
2026-08-26,6276,1d,2026-08-26,340.00,-10.9948,0.6161
2026-08-26,6276,3d,2026-08-28,358.00,-6.2827,0.8338
2026-08-26,6276,5d,2026-09-01,361.00,-5.4974,0.6052
2026-08-26,6630,1d,2026-08-26,807.00,-0.7380,0.6161
2026-08-26,6630,3d,2026-08-28,801.00,-1.4760,0.8338
2026-08-26,6630,5d,2026-09-01,817.00,0.4920,0.6052
2026-08-27,1514,1d,2026-08-27,682.00,-0.5831,-0.1965
2026-08-27,1514,3d,2026-08-31,647.00,-5.6851,-1.7003
2026-08-27,3932,1d,2026-08-27,3850.00,-1.1553,-0.1965
2026-08-27,3932,3d,2026-08-31,3885.00,-0.2567,-1.7003
2026-08-27,3939,1d,2026-08-27,520.00,0.0000,-0.1965
2026-08-27,3939,3d,2026-08-31,531.00,2.1154,-1.7003
2026-08-27,8273,1d,2026-08-27,1067.00,-0.9285,-0.1965
2026-08-27,8273,3d,2026-08-31,1036.00,-3.8069,-1.7003
2026-08-27,9425,1d,2026-08-27,254.00,0.3953,-0.1965
2026-08-27,9425,3d,2026-08-31,279.00,10.2767,-1.7003
2026-08-28,2484,1d,2026-08-28,185.00,0.0000,0.4137
2026-08-28,2484,3d,2026-09-01,177.00,-4.3243,0.1860
2026-08-28,3232,1d,2026-08-28,623.00,0.0000,0.4137
2026-08-28,3232,3d,2026-09-01,605.00,-2.8892,0.1860
2026-08-28,4170,1d,2026-08-28,141.00,0.0000,0.4137
2026-08-28,4170,3d,2026-09-01,140.00,-0.7092,0.1860
2026-08-28,4431,1d,2026-08-28,3735.00,0.0000,0.4137
2026-08-28,4431,3d,2026-09-01,3715.00,-0.5355,0.1860
2026-08-28,5137,1d,2026-08-28,317.00,0.0000,0.4137
2026-08-28,5137,3d,2026-09-01,299.00,-5.6782,0.1860
2026-08-31,3851,1d,2026-08-31,1440.00,3.8212,0.0000
2026-08-31,4170,1d,2026-08-31,140.00,0.0000,0.0000
2026-08-31,4812,1d,2026-08-31,2853.00,-0.0701,0.0000
2026-08-31,8244,1d,2026-08-31,1982.00,-0.1511,0.0000
2026-08-31,9536,1d,2026-08-31,2558.00,0.2744,0.0000
